,key_sin,key_cos,key_is_major,Key degree,avg_fifths_distance,nonbasic_edge_ratio,ext_any_ratio,Progression_template,bucket_year,cluster_id,intra_sd,cluster_size,song_title,performer,style_id,is_representative,major,is_new_style
0,0.8660254037844387,-0.4999999999999998,1.0,4,1.8823529411764703,0.1764705882352941,0.16328125,BLUES-PLAGAL,1958,0,0.08620191525331891,931,Goodbye Dad,The Castle Sisters,1,0,1,0
1,-0.8660254037844384,-0.5000000000000004,1.0,8,1.7777777777777777,0.1111111111111111,0.127659574468085,BLUES-PLAGAL,1958,1,0.09269303049615513,994,Patti Ann,Johnny Crawford,2,0,1,1
2,0.0,1.0,1.0,0,2.0,0.2142857142857142,0.0976377952755905,BLUES-PLAGAL,1958,2,0.08314479112647796,483,"Like, Long Hair",Paul Revere & The Raiders,3,1,1,0
3,0.49999999999999994,-0.8660254037844387,1.0,5,1.75,0.125,0.1523404255319149,BLUES-PLAGAL,1963,0,0.09294592724244015,1265,Where Love Has Gone,Jack Jones,1,0,1,0
4,0.49999999999999994,0.8660254037844387,1.0,1,1.9090909090909087,0.1818181818181818,0.0907643312101911,BLUES-PLAGAL,1963,1,0.08475494694122745,1009,It's An Uphill Climb To The Bottom,Walter Jackson,3,0,1,0
5,-1.0,-1.8369701987210297e-16,1.0,9,2.0,0.125,0.1166810717372514,BLUES-PLAGAL,1963,2,0.09462935505755393,854,We Could,Al Martino,2,0,1,1
6,0.0,1.0,1.0,0,1.9,0.1,0.1277310924369748,BLUES-PLAGAL,1968,0,0.09334228242407255,527,Problem Child,Mark Lindsay,3,0,1,0
7,-1.0,-1.8369701987210297e-16,1.0,9,1.8,0.1333333333333333,0.1183673469387754,BLUES-PLAGAL,1968,1,0.1039625700845521,1098,Where Did All The Good Times Go,Dennis Yost And The Classics IV,2,0,1,1
8,0.8660254037844387,-0.4999999999999998,1.0,4,1.8888888888888888,0.1111111111111111,0.0628980891719744,BLUES-PLAGAL,1968,2,0.09556870593343353,1159,Kiss An Angel Good Mornin',Charley Pride,1,0,1,0
9,-1.0,-1.8369701987210297e-16,1.0,9,2.0,0.1666666666666666,0.1090617481956695,BLUES-PLAGAL,1973,0,0.09799263993114828,609,I'll Have To Say I Love You In A Song,Jim Croce,2,0,1,1
10,0.49999999999999994,0.8660254037844387,1.0,1,1.9,0.1,0.0795734208367514,BLUES-PLAGAL,1973,1,0.09173050437061132,750,Touch And Go,Al Wilson,3,0,1,0
11,0.49999999999999994,-0.8660254037844387,1.0,5,1.9090909090909087,0.1818181818181818,0.0741410488245931,BLUES-PLAGAL,1973,2,0.10671531153894857,885,Sing,Tony Orlando & Dawn,1,0,1,0
12,0.8660254037844387,-0.4999999999999998,1.0,4,2.0,0.1428571428571428,0.0539452495974234,BLUES-PLAGAL,1978,0,0.100658078294362,858,If You Want It,Niteflyte,1,0,1,0
13,0.0,1.0,1.0,0,1.9,0.2,0.0828640386162509,BLUES-PLAGAL,1978,1,0.08826014738766876,358,Put Away Your Love,Alessi,3,0,1,0
14,-1.0,-1.8369701987210297e-16,1.0,9,1.9375,0.125,0.121951219512195,BLUES-PLAGAL,1978,2,0.10162777625270872,776,Goodbye To You,Scandal Featuring Patty Smyth,2,0,1,1
15,-1.0,-1.8369701987210297e-16,0.0,9,1.7142857142857142,0.1428571428571428,0.0822669104204753,DESC-FIFTHS,1983,0,0.08888873102701071,328,I Still Want You,The Del Fuegos,4,0,0,0
16,0.8660254037844386,0.5000000000000001,1.0,2,2.0,0.1333333333333333,0.0503842869342442,BLUES-PLAGAL,1983,1,0.10111861396791029,873,Little Sheila,Slade,1,0,1,0
17,-0.4999999999999997,-0.8660254037844388,1.0,7,1.9090909090909087,0.1818181818181818,0.0731132075471698,BLUES-PLAGAL,1983,2,0.08279194914487822,689,Learning To Fly,Pink Floyd,2,1,1,1
18,-0.4999999999999997,-0.8660254037844388,0.0,7,2.0,0.125,0.0875099443118537,BLUES-PLAGAL,1988,0,0.1000012176270247,433,Change,Lisa Stansfield,4,0,0,0
19,-0.4999999999999997,-0.8660254037844388,1.0,7,2.2857142857142856,0.1428571428571428,0.0795964125560538,BLUES-PLAGAL,1988,1,0.08912535191169389,602,We Didn't Start The Fire,Billy Joel,2,0,1,1
20,0.8660254037844386,0.5000000000000001,1.0,2,2.0,0.1666666666666666,0.1038205980066444,BLUES-PLAGAL,1988,2,0.10039656722784918,672,Candy,Iggy Pop With Kate Pierson,1,0,1,0
21,-0.4999999999999997,-0.8660254037844388,1.0,7,2.0,0.1333333333333333,0.0756376429199647,BLUES-PLAGAL,1993,0,0.08909951290156432,505,"Lullabye (Goodnight, My Angel)",Billy Joel,2,0,1,1
22,0.8660254037844386,0.5000000000000001,0.0,2,1.6666666666666667,0.0,0.1752411575562701,BLUES-PLAGAL,1993,1,0.09826535295407916,238,Brooklyn Zoo,Ol' Dirty Bastard,6,1,0,0
23,-1.0,-1.8369701987210297e-16,0.0,9,2.4166666666666665,0.25,0.2235195996663886,TONIC-LOVERS,1993,2,0.08536429575346276,226,Right Beside You,Sophie B. Hawkins,4,1,0,0
24,0.8660254037844386,0.5000000000000001,1.0,2,1.6111111111111112,0.1666666666666666,0.0643604183427192,BLUES-PLAGAL,1993,3,0.08243022332650801,403,Waiting For Wednesday,Lisa Loeb & Nine Stories,1,1,1,0
25,-0.4999999999999997,-0.8660254037844388,1.0,7,2.0,0.1428571428571428,0.0790546047269763,BLUES-PLAGAL,1998,0,0.09295139545161203,521,I'm Gonna Miss Her (The Fishin' Song),Brad Paisley,2,0,1,1
26,0.8660254037844386,0.5000000000000001,1.0,2,2.076923076923077,0.2307692307692307,0.0718614718614718,BLUES-PLAGAL,1998,1,0.11400989550923576,581,One Last Breath,Creed,1,0,1,0
27,-0.8660254037844384,-0.5000000000000004,0.0,8,1.8333333333333333,0.0,0.1551094890510949,BLUES-PLAGAL,1998,2,0.1049700767848927,380,Livin' It Up,Ja Rule Featuring Case,4,0,0,0
28,-0.8660254037844384,-0.5000000000000004,1.0,8,2.0526315789473686,0.2105263157894736,0.0625494853523356,BLUES-PLAGAL,2003,0,0.10361040720710926,638,Love Me Right (Oh Sheila),Angel City Featuring Lara McAllen,2,0,1,1
29,0.8660254037844386,0.5000000000000001,1.0,2,2.071428571428572,0.1428571428571428,0.0987551867219916,BLUES-PLAGAL,2003,1,0.08991830883306522,580,Sorry,Buckcherry,1,0,1,0
30,0.8660254037844387,-0.4999999999999998,0.0,4,2.5,0.25,0.0,TONIC-LOVERS,2003,2,0.09148888196477922,396,Headstrong,Trapt,5,0,0,1
31,0.8660254037844386,0.5000000000000001,1.0,2,1.9523809523809523,0.1904761904761904,0.0648148148148148,BLUES-PLAGAL,2008,0,0.08941242687488286,894,One,Adam Lambert,1,0,1,0
32,0.49999999999999994,-0.8660254037844387,0.0,5,2.6,0.3,0.2024590163934426,TONIC-LOVERS,2008,1,0.08860353076775118,375,Take It Off,Ke$ha,5,0,0,1
33,-0.8660254037844384,-0.5000000000000004,1.0,8,2.0,0.1666666666666666,0.0339168490153173,BLUES-PLAGAL,2008,2,0.09321053545165145,798,Enchanted,Taylor Swift,2,0,1,1
34,0.49999999999999994,-0.8660254037844387,0.0,5,2.6666666666666665,0.3333333333333333,0.0,TONIC-LOVERS,2013,0,0.08715975958617816,496,The Matrimony,Wale Featuring Usher,5,1,0,1
35,0.8660254037844386,0.5000000000000001,1.0,2,2.25,0.25,0.0488215488215488,BLUES-PLAGAL,2013,1,0.08338739412876217,721,Real Life,The Weeknd,1,0,1,0
36,-0.8660254037844384,-0.5000000000000004,1.0,8,2.0,0.25,0.1357615894039735,BLUES-PLAGAL,2013,2,0.0970274964171379,713,Top Of The World,Tim McGraw,2,0,1,1
